5991c226-d735-4f1e-b2ff-b1271d44121b\backup.ab,75f4ca06da44b471dc4d0443e268bed50cda19a516d775e4a76fa302abf21af2
5991c226-d735-4f1e-b2ff-b1271d44121b\bugreport.zip,f24f4754bc871a3efe168c84b1c7603b1f378e6819db3fd5f434537455a8f456
5991c226-d735-4f1e-b2ff-b1271d44121b\command.log,2c91dafe9eb81c9d0e33647344a02fa48c3666ca58ebad1f239df241c1a3a4d2
5991c226-d735-4f1e-b2ff-b1271d44121b\dumpsys.txt,0ec156c51c26d268c553eebf63294c5086867b45b9ae7d149365c26320e9b8e2
5991c226-d735-4f1e-b2ff-b1271d44121b\env.txt,3edfc0f652c1301d30792435eaabcd1082f087dacac04d4fc23e708842101174
5991c226-d735-4f1e-b2ff-b1271d44121b\files.json,c674d62ee0103eda8febd387212f00d579fd18ab4956492dfbe64dcd6ba2ce6a
5991c226-d735-4f1e-b2ff-b1271d44121b\getprop.txt,3f8ddcfd2fdd3751750cc8bc440d8a40874f7afc46458cc2ba11d3917835ea98
5991c226-d735-4f1e-b2ff-b1271d44121b\hashes.csv,e3b0c44298fc1c149afbf4c8996fb92427ae41e4649b934ca495991b7852b855
5991c226-d735-4f1e-b2ff-b1271d44121b\logcat.txt,4b3c4bf99d0fa9c08879aa62e3f74eed4efadb647f3493cab6406c0c765fd3ca
5991c226-d735-4f1e-b2ff-b1271d44121b\logs\data\anr\dumptrace_tDtvgb,e9842f98c48f6057f9d9668d6aadf66da3e278a72a12c273cb400c0cc3ce01fd
5991c226-d735-4f1e-b2ff-b1271d44121b\mounts.json,698db79d645782d8cdefad94365dcc129aff118fb8e3c3ac56064c60030d096d
5991c226-d735-4f1e-b2ff-b1271d44121b\packages.json,231f76a86d35df320736dec2db36d6acdfea0b2607266f946a872e7f38c19ce2
5991c226-d735-4f1e-b2ff-b1271d44121b\processes.txt,e9e32ae5529b568b182e75712b7312b32d61758e88e92db93ef4a43e6f370885
5991c226-d735-4f1e-b2ff-b1271d44121b\root_binaries.json,06d974d2ca7846a6958f9a53ef087c5f6e9e0ab0d8eb2a25471d8e5b68ae5d19
5991c226-d735-4f1e-b2ff-b1271d44121b\selinux.txt,1ca5672ae970bdc4f5b584898245b3d884e11deb6867e9563bdfbc8b82e8f62e
5991c226-d735-4f1e-b2ff-b1271d44121b\services.txt,f39892a744cf6ed915daa32e6d7635718f239cce13731eb138329109af08e8e3
5991c226-d735-4f1e-b2ff-b1271d44121b\settings_global.txt,8132e2830cb2986d927f2001b048fccf4953348294c5d76488defd30e676a1bf
5991c226-d735-4f1e-b2ff-b1271d44121b\settings_secure.txt,0ce9e170e88f3be0ee498a5d8cdb1a882c91b3aa3b475e3425f0a12015757976
5991c226-d735-4f1e-b2ff-b1271d44121b\settings_system.txt,78e4a249ef0020dbf8060268da2902da37a3f0a596501ccf23d48e9d11263727
