6314ced2-d940-43b3-9472-49c0b89502b2\backup.ab,d6e561945b6ed3bda292ed92f854b34bb85fa5591f9bd4c4938319072e28c20a
6314ced2-d940-43b3-9472-49c0b89502b2\bugreport.zip,9545aaecc892f68a66a2f6ab2a9a7bc72572aac477d48f2db360689a539eebc6
6314ced2-d940-43b3-9472-49c0b89502b2\command.log,c65ab2d123e822e8aa548df98cbe9686bf0de49008be06cb24977ba106a31bd9
6314ced2-d940-43b3-9472-49c0b89502b2\dumpsys.txt,5851ab430f3c615aa8eec32ec62fbb4f241e34f8f16e7f52f29c8987c11b50c5
6314ced2-d940-43b3-9472-49c0b89502b2\env.txt,cfb6b126408bc7c6743e9e2861af4a534fa191a760686768951024fa3c4d11a9
6314ced2-d940-43b3-9472-49c0b89502b2\files.json,f47dec1ff3a7b52a9fbd71397bbb985484e6f64f4d71319abf0d4cc52ffba886
6314ced2-d940-43b3-9472-49c0b89502b2\getprop.txt,25af5b58e8ed87c45fbf1e03bf9dcc7f96128f9cc7605959979934e98847f61e
6314ced2-d940-43b3-9472-49c0b89502b2\hashes.csv,e3b0c44298fc1c149afbf4c8996fb92427ae41e4649b934ca495991b7852b855
6314ced2-d940-43b3-9472-49c0b89502b2\logcat.txt,2a892756e5869950b5255c91ddb0832054050a5d40a4d478953d71eaebffc42b
6314ced2-d940-43b3-9472-49c0b89502b2\logs\data\anr\dumptrace_gPtgy2,662a704187cfac5b94c1db3be02bc4ea3ec7efe822b511cef4d9161171c23651
6314ced2-d940-43b3-9472-49c0b89502b2\mounts.json,83aac916eea4300d0dbe051d8556a9e97db48df61d7ec6811f22e9330e2ad51d
6314ced2-d940-43b3-9472-49c0b89502b2\packages.json,231f76a86d35df320736dec2db36d6acdfea0b2607266f946a872e7f38c19ce2
6314ced2-d940-43b3-9472-49c0b89502b2\processes.txt,3c6e6778ee211435fb7feb0f974b2f3d7cb0f174528bfd7a75346615c324b5b6
6314ced2-d940-43b3-9472-49c0b89502b2\root_binaries.json,06d974d2ca7846a6958f9a53ef087c5f6e9e0ab0d8eb2a25471d8e5b68ae5d19
6314ced2-d940-43b3-9472-49c0b89502b2\selinux.txt,1ca5672ae970bdc4f5b584898245b3d884e11deb6867e9563bdfbc8b82e8f62e
6314ced2-d940-43b3-9472-49c0b89502b2\services.txt,f39892a744cf6ed915daa32e6d7635718f239cce13731eb138329109af08e8e3
6314ced2-d940-43b3-9472-49c0b89502b2\settings_global.txt,dac0686949d46f683e3977361da99979027df048c40d964a919315fec10c23d5
6314ced2-d940-43b3-9472-49c0b89502b2\settings_secure.txt,487d21470d63dce699f2a8d9a8a42f529a02e7af60ca805a06be38ede7f1c9d3
6314ced2-d940-43b3-9472-49c0b89502b2\settings_system.txt,78e4a249ef0020dbf8060268da2902da37a3f0a596501ccf23d48e9d11263727
